/category/fireplace-logs/ventless-gas-log-sets,/category/ventless-gas-log-sets,301
/category/stoves-and-furnaces/gas-burning-stoves,/category/gas-burning-stoves,301
/category/indoor-wood-fireplaces/pre-fab-wood,/category/pre-fab-wood,301
/category/gas-fireplaces/ventless-fireplaces,/category/ventless-fireplaces,301
/category/stoves-and-furnaces/wood-stove-inserts,/category/wood-stove-inserts,301
/category/electric-fireplaces/builtin-electric-fireplaces,/category/builtin-electric-fireplaces,301
/category/outdoor-fireplaces/outdoor-wood-fireplaces,/category/outdoor-wood-fireplaces,301
/category/fireplace-accessories/heaters-and-blowers,/category/heaters-and-blowers,301
/category/gas-fireplaces/multisided-fireplaces,/category/multisided-fireplaces,301
/category/chimney/chimney-caps,/category/chimney-caps,301
/category/fireplace-logs/vented-gas-log-sets,/category/vented-gas-log-sets,301
/category/firepits/gas-fire-pits,/category/gas-fire-pits,301
/category/fireplace-accessories/controls,/category/controls,301
/category/electric-fireplaces/seethrough-electric-fireplaces,/category/seethrough-electric-fireplaces,301
/category/gas-fireplaces/linear-fireplaces,/category/linear-fireplaces,301
/category/indoor-wood-fireplaces/traditional-wood,/category/traditional-wood,301
/category/gas-fireplaces/direct-vent-fireplaces,/category/direct-vent-fireplaces,301
/category/outdoor-fireplaces/outdoor-gas-fireplaces,/category/outdoor-gas-fireplaces,301
/category/electric-fireplaces/electric-inserts,/category/electric-inserts,301
/category/stoves-and-furnaces/wood-stoves,/category/wood-stoves,301
/category/fireplace-inserts/electric-fireplace-inserts,/category/electric-fireplace-inserts,301
/category/fireplace-inserts/direct-vent-gas-firebox-inserts,/category/direct-vent-gas-firebox-inserts,301
/category/fireplace-logs/seethrough-gas-logs,/category/seethrough-gas-logs,301
/category/fireplace-inserts/vent-free-firebox-inserts,/category/vent-free-firebox-inserts,301
/category/stoves-and-furnaces/pellet-stoves,/category/pellet-stoves,301
/category/gas-fireplaces/b-vent-fireplaces,/category/b-vent-fireplaces,301
/category/fireplace-accessories/mantels,/category/mantels,301
/category/fireplace-logs/outdoor-gas-log-sets,/category/outdoor-gas-log-sets,301
/category/chimney/chimney-and-stove-pipe,/category/chimney-and-stove-pipe,301
/category/electric-fireplaces/wall-mounted-electric-fireplaces,/category/wall-mounted-electric-fireplaces,301
/category/outdoor-fireplaces/masonry-outfoor-fireplace-kits,/category/masonry-outfoor-fireplace-kits,301
/category/indoor-wood-fireplaces/wood-see-through,/category/wood-see-through,301
/category/chimney/chimney-liners,/category/chimney-liners,301
